{
    "dr": {
        "eval_map": 0.11289786295846851,
        "eval_map_at_100": 0.09590362127770574,
        "eval_prec": 0.26991150442477874,
        "timecost": 481.1393619120063
    },
    "bm25": {
        "eval_map": 0.09132281508697937,
        "eval_map_at_100": 0.07713647608289763,
        "eval_prec": 0.26240861869949983,
        "timecost": 62.26799397099239
    },
    "bm25_token": {
        "eval_map": 0.15354726218988424,
        "eval_map_at_100": 0.13035829395467927,
        "eval_prec": 0.33371809670386043,
        "timecost": 73.14444051100145
    },
    "bm25_api": {
        "eval_map": 0.1551028048313773,
        "eval_map_at_100": 0.1317028075809621,
        "eval_prec": 0.3339746056175452,
        "timecost": 79.35690782099846
    }
}
